ID,Year,Date,Stage,Home Team,Away Team,Host Team,Group Home ID,Group Away ID
1,2022,11/20/2022,Group stage,Qatar,Ecuador,TRUE,1,2
2,2022,11/21/2022,Group stage,Senegal,Netherlands,FALSE,3,4
3,2022,11/21/2022,Group stage,England,Iran,FALSE,5,6
4,2022,11/21/2022,Group stage,United States,Wales,FALSE,7,8
5,2022,11/22/2022,Group stage,France,Australia,FALSE,13,14
6,2022,11/22/2022,Group stage,Denmark,Tunisia,FALSE,15,16
7,2022,11/22/2022,Group stage,Mexico,Poland,FALSE,11,12
8,2022,11/22/2022,Group stage,Argentina,Saudi Arabia,FALSE,9,10
9,2022,11/23/2022,Group stage,Belgium,Canada,FALSE,21,22
10,2022,11/23/2022,Group stage,Spain,Costa Rica,FALSE,17,18
11,2022,11/23/2022,Group stage,Germany,Japan,FALSE,19,20
12,2022,11/23/2022,Group stage,Morocco,Croatia,FALSE,23,24
13,2022,11/24/2022,Group stage,Switzerland,Cameroon,FALSE,27,28
14,2022,11/24/2022,Group stage,Uruguay,South Korea,FALSE,31,32
15,2022,11/24/2022,Group stage,Portugal,Ghana,FALSE,29,30
16,2022,11/24/2022,Group stage,Brazil,Serbia,FALSE,25,26
17,2022,11/25/2022,Group stage,Iran,Wales,FALSE,6,8
18,2022,11/25/2022,Group stage,Qatar,Senegal,TRUE,1,3
19,2022,11/25/2022,Group stage,Netherlands,Ecuador,FALSE,4,2
20,2022,11/25/2022,Group stage,England,United States,FALSE,5,7
21,2022,11/26/2022,Group stage,Tunisia,Australia,FALSE,16,14
22,2022,11/26/2022,Group stage,Poland,Saudi Arabia,FALSE,12,10
23,2022,11/26/2022,Group stage,France,Denmark,FALSE,15,15
24,2022,11/26/2022,Group stage,Argentina,Mexico,FALSE,9,11
25,2022,11/27/2022,Group stage,Japan,Costa Rica,FALSE,18,20
26,2022,11/27/2022,Group stage,Belgium,Morocco,FALSE,21,23
27,2022,11/27/2022,Group stage,Croatia,Canada,FALSE,24,22
28,2022,11/27/2022,Group stage,Spain,Germany,FALSE,17,19
29,2022,11/28/2022,Group stage,Serbia,Cameroon,FALSE,26,28
30,2022,11/28/2022,Group stage,South Korea,Ghana,FALSE,32,30
31,2022,11/28/2022,Group stage,Brazil,Switzerland,FALSE,25,27
32,2022,11/28/2022,Group stage,Portugal,Uruguay,FALSE,29,31
33,2022,11/29/2022,Group stage,England,Wales,FALSE,5,8
34,2022,11/29/2022,Group stage,Iran,United States,FALSE,6,7
35,2022,11/29/2022,Group stage,Ecuador,Senegal,FALSE,2,3
36,2022,11/29/2022,Group stage,Qatar,Netherlands,TRUE,1,4
37,2022,11/30/2022,Group stage,Denmark,Australia,FALSE,15,14
38,2022,11/30/2022,Group stage,Tunisia,France,FALSE,16,13
39,2022,11/30/2022,Group stage,Poland,Argentina,FALSE,12,9
40,2022,11/30/2022,Group stage,Saudi Arabia,Mexico,FALSE,10,11
41,2022,12/1/2022,Group stage,Croatia,Belgium,FALSE,21,24
42,2022,12/1/2022,Group stage,Canada,Morocco,FALSE,22,23
43,2022,12/1/2022,Group stage,Japan,Spain,FALSE,17,20
44,2022,12/1/2022,Group stage,Costa Rica,Germany,FALSE,18,19
45,2022,12/2/2022,Group stage,Ghana,Uruguay,FALSE,30,31
46,2022,12/2/2022,Group stage,South Korea,Portugal,FALSE,29,32
47,2022,12/2/2022,Group stage,Serbia,Switzerland,FALSE,26,27
48,2022,12/2/2022,Group stage,Brazil,Cameroon,FALSE,25,28
49,2022,12/3/2022,Round of 16,1A,2B,,,
50,2022,12/3/2022,Round of 16,1C,2D,,,
51,2022,12/4/2022,Round of 16,1B,2A,,,
52,2022,12/4/2022,Round of 16,1D,2C,,,
53,2022,12/5/2022,Round of 16,1E,2F,,,
54,2022,12/5/2022,Round of 16,1G,2H,,,
55,2022,12/6/2022,Round of 16,1F,2E,,,
56,2022,12/6/2022,Round of 16,1H,2G,,,
57,2022,12/9/2022,Quarter-finals,W49,W50,,,
58,2022,12/9/2022,Quarter-finals,W53,W54,,,
59,2022,12/10/2022,Quarter-finals,W51,W52,,,
60,2022,12/10/2022,Quarter-finals,W55,W56,,,
61,2022,12/13/2022,Semi-finals,W57,W58,,,
62,2022,12/14/2022,Semi-finals,W59,W60,,,
63,2022,12/17/2022,Third place,L61,L62,,,
64,2022,12/18/2022,Final,W61,W62,,,
