Group,Team,FIFA Ranking,id
A,Qatar,50,1
A,Ecuador,44,2
A,Senegal,18,3
A,Netherlands,8,4
B,England,5,5
B,Iran,20,6
B,United States,16,7
B,Wales,19,8
C,Argentina,3,9
C,Saudi Arabia,51,10
C,Mexico,13,11
C,Poland,26,12
D,France,4,13
D,Australia,38,14
D,Denmark,10,15
D,Tunisia,30,16
E,Spain,7,17
E,Costa Rica,31,18
E,Germany,11,19
E,Japan,24,20
F,Belgium,2,21
F,Canada,41,22
F,Morocco,22,23
F,Croatia,12,24
G,Brazil,1,25
G,Serbia,21,26
G,Switzerland,15,27
G,Cameroon,43,28
H,Portugal,9,29
H,Ghana,61,30
H,Uruguay,14,31
H,South Korea,28,32
